term,impressions,clicks,position
ipu,706831,1149,8.51
ggsipu,208956,396,9.56
ip university,55453,162,9.82
ipu counselling,83395,126,8.41
ggsipu counselling,46170,104,8.4
mait,10941,65,7.49
mait cutoff,3741,11,8.87
mait cutoff 2026,1160,5,9.56
mait fees,1617,44,4.65
msit,1854,13,7.54
msit cutoff,5784,11,7.93
msit cutoff 2026,1143,6,7.4
msit janakpuri,1739,9,9.12
usict,5524,28,8.85
usict cutoff,503,4,8.62
usict placement 2026,656,42,5.02
usict mca fees,785,80,3.17
usar,9384,48,9.13
usar delhi,841,10,6.1
usar cutoff 2025,362,5,9.05
usms ipu,3488,14,7.97
usms mba fees,624,16,4.05
uslls ba llb fees,844,6,6.18
adgitm,2099,4,8.14
bpit,4607,13,8.84
bpit fees,1071,5,8.91
bvp college,1577,5,9.59
vips,9147,31,7.06
vips college fees,4280,25,6.58
vips bba fees,3396,38,4.72
ipu btech,2203,13,9.45
ipu btech fees,1468,18,6.36
ipu colleges for btech,1774,57,5.58
ipu bba fees,1628,13,7.14
ggsipu bba fees,1988,8,6.13
ipu bcom hons fees,729,9,4.72
ipu mba,544,5,8.68
ipu mba fees,902,16,5.19
ipu ba llb fees,473,6,5
ipu ba llb counselling 2026,371,11,8.91
ggsipu bba llb fees,266,9,4.8
vips 3 year llb fees,278,9,4.22
ipu law colleges,182,4,8.21
ipu law college,887,33,4.98
ipu colleges list,736,60,3.82
ipu helpline number,7729,504,4.35
