term,baseline_position,baseline_impr
ip university,8.96,5696
ipu university,9.70,1803
ggsipu counselling date 2026,4.12,1572
ipu counselling 2026,1.62,1384
ggsipu counselling date,5.96,1217
ggsipu counselling,3.74,1112
ipu,11.28,1100
ggsipu counselling fees,7.35,658
ipu counselling registration 2026,1.55,611
ipu college,9.48,509
ipu counselling date,6.20,477
colleges under ipu,9.30,467
ipu btech counselling 2026,4.86,443
ipu counselling 2026 date,4.22,420
guru gobind singh indraprastha university,3.42,418
ggsipu counselling registration 2026,1.72,388
ipu counselling,9.27,388
ggsipu counselling 2026,2.19,385
btech counselling 2026 date,4.45,380
when will ipu counselling start 2026,4.45,379
ipu college list,8.88,370
ggsipu counselling last date,6.56,361
ggsipu counselling 2026 date,3.08,346
ipu counselling registration 2026 last date,3.81,340
ipu admission,12.80,317
ipu helpline number,8.28,306
ipu btech counselling 2026 date,1.93,282
ipu colleges,9.84,278
ggsipu counselling registration date 2026,3.86,224
ggsipu counselling registration,8.55,503
