Date,Clicks,Impressions,CTR,Position
2025-05-28,16,4218,0.38%,10.5
2025-05-29,12,2296,0.52%,12.3
2025-05-30,36,5070,0.71%,10.2
2025-05-31,27,3097,0.87%,10.9
2025-06-01,34,3081,1.1%,11.1
2025-06-02,36,3332,1.08%,11.1
2025-06-03,35,2890,1.21%,11.5
2025-06-04,14,1778,0.79%,13.5
2025-06-05,9,1970,0.46%,12.9
2025-06-06,9,1248,0.72%,15.9
2025-06-07,8,1085,0.74%,18.4
2025-06-08,2,962,0.21%,16.6
2025-06-09,5,1262,0.4%,16.4
2025-06-10,5,1083,0.46%,16.6
2025-06-11,10,1057,0.95%,15.7
2025-06-12,8,1150,0.7%,15.6
2025-06-13,6,963,0.62%,17.9
2025-06-14,4,952,0.42%,17.5
2025-06-15,12,1182,1.02%,16.6
2025-06-16,12,1357,0.88%,15.7
2025-06-17,12,1245,0.96%,19.4
2025-06-18,10,1075,0.93%,15.4
2025-06-19,14,1218,1.15%,20.2
2025-06-20,29,1655,1.75%,15.2
2025-06-21,25,1729,1.45%,14.9
2025-06-22,36,1641,2.19%,16.9
2025-06-23,39,2569,1.52%,17.6
2025-06-24,16,1662,0.96%,16.2
2025-06-25,43,2787,1.54%,12.7
2025-06-26,21,1825,1.15%,13.2
2025-06-27,14,1945,0.72%,15.2
2025-06-28,10,1408,0.71%,15.4
2025-06-29,8,1358,0.59%,14.9
2025-06-30,10,1582,0.63%,14.4
2025-07-01,13,1268,1.03%,13.7
2025-07-02,10,1599,0.63%,17.2
2025-07-03,8,1185,0.68%,14.9
2025-07-04,8,1595,0.5%,15.5
2025-07-05,10,1218,0.82%,16.9
2025-07-06,7,1306,0.54%,17.4
2025-07-07,14,1576,0.89%,15.3
2025-07-08,14,1380,1.01%,15.7
2025-07-09,12,1668,0.72%,14
2025-07-10,19,2303,0.83%,12.7
2025-07-11,19,4715,0.4%,10.3
2025-07-12,17,3451,0.49%,11.2
2025-07-13,9,2050,0.44%,13.4
2025-07-14,28,2663,1.05%,11.8
2025-07-15,16,2101,0.76%,13.9
2025-07-16,9,3019,0.3%,12.6
2025-07-17,16,2358,0.68%,12.2
2025-07-18,12,1649,0.73%,13.7
2025-07-19,7,1037,0.68%,17.1
2025-07-20,11,1121,0.98%,18
2025-07-21,4,1203,0.33%,16.1
2025-07-22,13,1229,1.06%,15.4
2025-07-23,11,1275,0.86%,20.5
2025-07-24,17,1342,1.27%,15.9
2025-07-25,13,1499,0.87%,17.1
2025-07-26,9,1168,0.77%,19.3
2025-07-27,5,795,0.63%,15.3
2025-07-28,12,1433,0.84%,15
2025-07-29,16,1907,0.84%,12.1
2025-07-30,8,1568,0.51%,12.7
2025-07-31,4,1193,0.34%,15
2025-08-01,8,1115,0.72%,13.9
2025-08-02,8,742,1.08%,14
2025-08-03,6,890,0.67%,15.9
2025-08-04,12,1197,1%,13.3
2025-08-05,15,1213,1.24%,13.5
2025-08-06,4,1066,0.38%,14.9
2025-08-07,9,1288,0.7%,15
2025-08-08,9,961,0.94%,14.6
2025-08-09,10,758,1.32%,15.9
2025-08-10,9,846,1.06%,15.2
2025-08-11,8,849,0.94%,14.4
2025-08-12,7,860,0.81%,14.9
2025-08-13,1,791,0.13%,14.4
2025-08-14,2,823,0.24%,18.2
2025-08-15,9,787,1.14%,20.4
2025-08-16,0,678,0%,18.7
2025-08-17,6,659,0.91%,15.2
2025-08-18,6,886,0.68%,15.2
2025-08-19,5,1049,0.48%,12.9
2025-08-20,10,930,1.08%,14.4
2025-08-21,6,790,0.76%,13.9
2025-08-22,3,701,0.43%,15.1
2025-08-23,2,536,0.37%,18.3
2025-08-24,1,709,0.14%,17.5
2025-08-25,9,946,0.95%,19.9
2025-08-26,7,772,0.91%,16
2025-08-27,7,685,1.02%,16.5
2025-08-28,8,740,1.08%,16
2025-08-29,5,729,0.69%,16.6
2025-08-30,1,606,0.17%,19.9
2025-08-31,4,611,0.65%,17.8
2025-09-01,9,722,1.25%,16.3
2025-09-02,3,721,0.42%,17.7
2025-09-03,3,873,0.34%,20.3
2025-09-04,2,776,0.26%,20.9
2025-09-05,5,592,0.84%,19.3
2025-09-06,3,551,0.54%,20.3
2025-09-07,2,506,0.4%,20.1
2025-09-08,2,796,0.25%,17.8
2025-09-09,2,692,0.29%,15.2
2025-09-10,2,784,0.26%,17.8
2025-09-11,2,460,0.43%,15.9
2025-09-12,4,459,0.87%,11.5
2025-09-13,3,303,0.99%,10.3
2025-09-14,2,306,0.65%,9.8
2025-09-15,3,461,0.65%,9.6
2025-09-16,2,375,0.53%,9.5
2025-09-17,6,406,1.48%,10.2
2025-09-18,4,434,0.92%,12.2
2025-09-19,3,483,0.62%,12.2
2025-09-20,0,277,0%,11.4
2025-09-21,0,269,0%,10.3
2025-09-22,1,429,0.23%,10.7
2025-09-23,3,322,0.93%,11.9
2025-09-24,1,370,0.27%,10.5
2025-09-25,0,316,0%,10.3
2025-09-26,2,335,0.6%,9.9
2025-09-27,2,382,0.52%,9
2025-09-28,0,451,0%,9.2
2025-09-29,5,820,0.61%,9.2
2025-09-30,2,589,0.34%,9.5
2025-10-01,4,728,0.55%,11.5
2025-10-02,6,698,0.86%,9.6
2025-10-03,3,630,0.48%,9.6
2025-10-04,2,1024,0.2%,10.7
2025-10-05,2,678,0.29%,10.5
2025-10-06,4,897,0.45%,10.7
2025-10-07,7,669,1.05%,10.3
2025-10-08,5,1570,0.32%,10.1
2025-10-09,2,1043,0.19%,9.8
2025-10-10,0,950,0%,10.2
2025-10-11,4,561,0.71%,10.3
2025-10-12,2,739,0.27%,10.9
2025-10-13,8,814,0.98%,10.4
2025-10-14,7,776,0.9%,9.2
2025-10-15,7,710,0.99%,9.2
2025-10-16,0,438,0%,11.3
2025-10-17,1,255,0.39%,10
2025-10-18,2,264,0.76%,10.9
2025-10-19,1,247,0.4%,11
2025-10-20,0,228,0%,10.6
2025-10-21,0,304,0%,10.5
2025-10-22,1,270,0.37%,12.7
2025-10-23,0,329,0%,11.1
2025-10-24,1,361,0.28%,10.9
2025-10-25,1,286,0.35%,10.9
2025-10-26,1,386,0.26%,16.9
2025-10-27,1,294,0.34%,11.4
2025-10-28,0,615,0%,12.3
2025-10-29,1,485,0.21%,10.8
2025-10-30,0,500,0%,10.7
2025-10-31,4,495,0.81%,12.5
2025-11-01,0,239,0%,11.9
2025-11-02,1,283,0.35%,12.4
2025-11-03,4,392,1.02%,10.3
2025-11-04,1,475,0.21%,13.3
2025-11-05,2,293,0.68%,10.8
2025-11-06,4,1045,0.38%,9.8
2025-11-07,2,946,0.21%,9.2
2025-11-08,0,462,0%,12.6
2025-11-09,2,968,0.21%,9.1
2025-11-10,3,1746,0.17%,8.5
2025-11-11,4,1564,0.26%,8.7
2025-11-12,1,556,0.18%,9.2
2025-11-13,5,1511,0.33%,9.1
2025-11-14,2,1809,0.11%,9.2
2025-11-15,0,571,0%,9.1
2025-11-16,3,646,0.46%,8.6
2025-11-17,2,720,0.28%,9.6
2025-11-18,4,527,0.76%,9.5
2025-11-19,1,506,0.2%,9.5
2025-11-20,4,603,0.66%,9.5
2025-11-21,3,758,0.4%,9.2
2025-11-22,0,817,0%,11.2
2025-11-23,1,1022,0.1%,9.7
2025-11-24,2,915,0.22%,10
2025-11-25,1,798,0.13%,9
2025-11-26,2,810,0.25%,12.4
2025-11-27,4,1024,0.39%,10.7
2025-11-28,3,1484,0.2%,9
2025-11-29,3,1027,0.29%,8.7
2025-11-30,0,764,0%,9.2
2025-12-01,3,685,0.44%,9.5
2025-12-02,3,731,0.41%,9.9
2025-12-03,0,637,0%,9.4
2025-12-04,3,1481,0.2%,9.7
2025-12-05,3,1483,0.2%,9
2025-12-06,2,741,0.27%,9.9
2025-12-07,1,1416,0.07%,9.2
2025-12-08,3,1379,0.22%,9.4
2025-12-09,4,1132,0.35%,9.5
2025-12-10,1,784,0.13%,10.5
2025-12-11,3,1080,0.28%,9.6
2025-12-12,0,1128,0%,10.1
2025-12-13,3,820,0.37%,9.5
2025-12-14,4,818,0.49%,9.5
2025-12-15,5,2282,0.22%,9.6
2025-12-16,4,875,0.46%,9.5
2025-12-17,1,705,0.14%,9.9
2025-12-18,4,767,0.52%,8.6
2025-12-19,2,816,0.25%,10
2025-12-20,1,545,0.18%,10.8
2025-12-21,1,674,0.15%,11.2
2025-12-22,0,742,0%,10.4
2025-12-23,1,619,0.16%,11.1
2025-12-24,1,1075,0.09%,9.2
2025-12-25,2,519,0.39%,10.7
2025-12-26,1,509,0.2%,10.8
2025-12-27,0,376,0%,12.5
2025-12-28,0,568,0%,10.7
2025-12-29,0,571,0%,10.3
2025-12-30,0,396,0%,11.6
2025-12-31,1,419,0.24%,11.9
2026-01-01,2,675,0.3%,10.4
2026-01-02,1,497,0.2%,12.4
2026-01-03,2,636,0.31%,9.8
2026-01-04,2,482,0.41%,13.6
2026-01-05,3,496,0.6%,10.3
2026-01-06,6,683,0.88%,11.1
2026-01-07,2,793,0.25%,10.6
2026-01-08,3,509,0.59%,10.7
2026-01-09,2,544,0.37%,10.5
2026-01-10,1,510,0.2%,11.4
2026-01-11,0,511,0%,10.5
2026-01-12,2,645,0.31%,11.2
2026-01-13,1,586,0.17%,11.6
2026-01-14,2,835,0.24%,10.6
2026-01-15,2,1165,0.17%,11.8
2026-01-16,1,550,0.18%,11.2
2026-01-17,2,559,0.36%,11.9
2026-01-18,2,1146,0.17%,11.8
2026-01-19,6,4645,0.13%,10
2026-01-20,3,3069,0.1%,10.3
2026-01-21,3,1608,0.19%,11.3
2026-01-22,1,1299,0.08%,11.2
2026-01-23,5,1326,0.38%,10.5
2026-01-24,1,1032,0.1%,12.1
2026-01-25,2,942,0.21%,12.1
2026-01-26,3,985,0.3%,11.8
2026-01-27,3,1691,0.18%,10.9
2026-01-28,7,1565,0.45%,11.6
2026-01-29,9,1359,0.66%,10
2026-01-30,8,797,1%,12.5
2026-01-31,2,1002,0.2%,11.3
2026-02-01,10,1130,0.88%,10.8
2026-02-02,7,1119,0.63%,11.4
2026-02-03,4,1140,0.35%,9
2026-02-04,8,1240,0.65%,8.2
2026-02-05,6,1199,0.5%,9.3
2026-02-06,3,1632,0.18%,9.2
2026-02-07,9,1282,0.7%,8.1
2026-02-08,5,1245,0.4%,8.2
2026-02-09,10,2222,0.45%,8.3
2026-02-10,11,2518,0.44%,7.7
2026-02-11,6,1970,0.3%,8.2
2026-02-12,16,2433,0.66%,8.3
2026-02-13,11,1920,0.57%,8.4
2026-02-14,6,1195,0.5%,7.9
2026-02-15,12,1535,0.78%,8.3
2026-02-16,23,3051,0.75%,7.5
2026-02-17,12,2482,0.48%,7.1
2026-02-18,12,2142,0.56%,7.4
2026-02-19,10,1878,0.53%,7.8
2026-02-20,5,1536,0.33%,8.1
2026-02-21,11,1780,0.62%,8
2026-02-22,9,1874,0.48%,7.4
2026-02-23,5,2467,0.2%,7.6
2026-02-24,15,2678,0.56%,7.8
2026-02-25,16,3022,0.53%,7.6
2026-02-26,7,2292,0.31%,7
2026-02-27,4,1014,0.39%,5.7
2026-02-28,4,819,0.49%,5.4
2026-03-01,4,707,0.57%,6.8
2026-03-02,4,681,0.59%,7.1
2026-03-03,4,578,0.69%,6.3
2026-03-04,7,806,0.87%,6.4
2026-03-05,5,1724,0.29%,7.8
2026-03-06,6,1921,0.31%,8.2
2026-03-07,5,1790,0.28%,8.2
2026-03-08,5,1779,0.28%,9.1
2026-03-09,4,2019,0.2%,8
2026-03-10,6,1887,0.32%,8.2
2026-03-11,6,804,0.75%,9
2026-03-12,7,844,0.83%,7.1
2026-03-13,4,1111,0.36%,7.1
2026-03-14,10,2377,0.42%,7.7
2026-03-15,13,3182,0.41%,8.1
2026-03-16,10,3844,0.26%,8.1
2026-03-17,11,3052,0.36%,7.9
2026-03-18,9,2193,0.41%,7.8
2026-03-19,5,3076,0.16%,8.3
2026-03-20,10,3233,0.31%,8.2
2026-03-21,14,3993,0.35%,8.2
2026-03-22,22,4491,0.49%,7.9
2026-03-23,30,3993,0.75%,7.9
2026-03-24,22,4212,0.52%,8
2026-03-25,25,4809,0.52%,7.9
2026-03-26,35,4374,0.8%,7.2
2026-03-27,26,3830,0.68%,7.1
2026-03-28,26,3202,0.81%,6.8
2026-03-29,30,4291,0.7%,7.1
2026-03-30,31,6723,0.46%,7.4
2026-03-31,22,4313,0.51%,6.6
2026-04-01,17,3266,0.52%,6.8
2026-04-02,17,3034,0.56%,6.5
2026-04-03,29,3348,0.87%,6.2
2026-04-04,18,2927,0.61%,6.2
2026-04-05,17,2807,0.61%,5.9
2026-04-06,25,3871,0.65%,6.2
2026-04-07,36,4289,0.84%,6.2
2026-04-08,20,4091,0.49%,6
2026-04-09,21,3070,0.68%,5
2026-04-10,26,4820,0.54%,4.4
2026-04-11,39,4521,0.86%,4.5
2026-04-12,18,2659,0.68%,5.1
2026-04-13,22,2753,0.8%,5.1
2026-04-14,12,2762,0.43%,5.5
2026-04-15,22,2809,0.78%,7.4
2026-04-16,16,2613,0.61%,6.4
2026-04-17,16,2725,0.59%,6.3
2026-04-18,21,2346,0.9%,5.9
2026-04-19,16,2474,0.65%,6.2
2026-04-20,56,6430,0.87%,5.5
2026-04-21,46,4943,0.93%,7
2026-04-22,50,3857,1.3%,7.1
2026-04-23,43,4187,1.03%,7.2
2026-04-24,42,4855,0.87%,7.8
2026-04-25,61,4809,1.27%,7.1
2026-04-26,59,4998,1.18%,7.2
2026-04-27,78,4870,1.6%,7.2
2026-04-28,73,4628,1.58%,7.9
2026-04-29,77,5783,1.33%,6.8
2026-04-30,78,5823,1.34%,6.8
2026-05-01,62,4863,1.27%,6.6
2026-05-02,54,4093,1.32%,6.3
2026-05-03,56,5522,1.01%,6
2026-05-04,82,5591,1.47%,6.2
2026-05-05,83,5920,1.4%,5.7
2026-05-06,74,5651,1.31%,6
2026-05-07,58,5685,1.02%,6.5
2026-05-08,61,6227,0.98%,6.9
2026-05-09,62,6434,0.96%,6.7
2026-05-10,82,6621,1.24%,6.6
2026-05-11,110,6904,1.59%,6.7
2026-05-12,98,7735,1.27%,6.4
2026-05-13,156,11901,1.31%,6.8
2026-05-14,145,12234,1.19%,6.8
2026-05-15,180,12314,1.46%,6.6
2026-05-16,144,9695,1.49%,6.7
2026-05-17,413,27431,1.51%,6.7
2026-05-18,268,18021,1.49%,6.5
2026-05-19,202,14126,1.43%,6.5
2026-05-20,182,12792,1.42%,6.7
2026-05-21,242,15778,1.53%,7
2026-05-22,294,16846,1.75%,6.8
2026-05-23,268,14846,1.81%,6.4
2026-05-24,267,13900,1.92%,6.3
2026-05-25,309,15682,1.97%,6.2
2026-05-26,259,15726,1.65%,6.4
2026-05-27,227,15726,1.44%,6.7
2026-05-28,194,14656,1.32%,6.5
2026-05-29,278,17715,1.57%,6.3
2026-05-30,319,19568,1.63%,6.5
2026-05-31,302,16970,1.78%,6.3
2026-06-01,390,24870,1.57%,6.5
2026-06-02,462,27445,1.68%,6.1
2026-06-03,374,21905,1.71%,6.2
2026-06-04,290,19693,1.47%,6.3
2026-06-05,293,19427,1.51%,6.2
2026-06-06,354,18411,1.92%,5.9
2026-06-07,484,26224,1.85%,5.7
2026-06-08,437,28346,1.54%,5.7
2026-06-09,536,29185,1.84%,5.7
2026-06-10,713,42530,1.68%,5.8
2026-06-11,786,48215,1.63%,5.9
2026-06-12,592,34128,1.73%,5.6
2026-06-13,462,29062,1.59%,5.6
2026-06-14,484,30093,1.61%,5.8
2026-06-15,573,35365,1.62%,5.8
2026-06-16,706,41122,1.72%,5.8
2026-06-17,507,33792,1.5%,5.9
2026-06-18,317,21247,1.49%,6.2
2026-06-19,315,21827,1.44%,6.2
2026-06-20,287,23459,1.22%,6.5
2026-06-21,306,27898,1.1%,6.9
2026-06-22,461,38872,1.19%,6.9
2026-06-23,986,74095,1.33%,6.1
2026-06-24,685,51024,1.34%,6.1
2026-06-25,652,44670,1.46%,5.9
2026-06-26,606,42653,1.42%,6.1
2026-06-27,526,41843,1.26%,6.2
2026-06-28,662,45438,1.46%,6
2026-06-29,921,64945,1.42%,6.1
2026-06-30,1252,94321,1.33%,6.4
2026-07-01,1201,77571,1.55%,6.4
2026-07-02,1739,127206,1.37%,6.3
2026-07-03,1051,87950,1.19%,6.5
2026-07-04,726,63198,1.15%,6.5
2026-07-05,782,60305,1.3%,6.5
2026-07-06,895,66388,1.35%,6.4
2026-07-07,824,60098,1.37%,6.2
2026-07-08,859,62852,1.37%,6.4
2026-07-09,778,58552,1.33%,6.3
2026-07-10,710,59064,1.2%,6.5
2026-07-11,634,53049,1.2%,6.9
2026-07-12,617,46852,1.32%,6.6
2026-07-13,699,70297,0.99%,6.8
2026-07-14,902,76351,1.18%,6.8
2026-07-15,589,48756,1.21%,6.7
2026-07-16,701,64708,1.08%,6.5
2026-07-17,1175,102438,1.15%,6.5
2026-07-18,891,59946,1.49%,6.2
2026-07-19,615,51744,1.19%,6.4
2026-07-20,805,60881,1.32%,6.6
2026-07-21,723,58497,1.24%,6.8
2026-07-22,827,69120,1.2%,6.8
2026-07-23,691,62087,1.11%,6.9
2026-07-24,858,98536,0.87%,7.2
2026-07-25,836,71507,1.17%,6.6
2026-07-26,735,56167,1.31%,6.8
2026-07-27,902,66190,1.36%,7
2026-07-28,1215,92752,1.31%,6.9
2026-07-29,1046,79820,1.31%,7
2026-07-30,849,70094,1.21%,7.1
2026-07-31,730,55011,1.33%,7
2026-08-01,526,40654,1.29%,7.2
2026-08-02,481,36479,1.32%,7.3
2026-08-03,576,46953,1.23%,6.9
2026-08-04,748,56635,1.32%,6.6
2026-08-05,611,48906,1.25%,6.9
2026-08-06,463,50431,0.92%,7.3
2026-08-07,738,62585,1.18%,7
2026-08-08,523,37152,1.41%,6.3
2026-08-09,480,35494,1.35%,7.2
2026-08-10,637,56551,1.13%,7.2
2026-08-11,638,46938,1.36%,6.7
2026-08-12,469,36594,1.28%,7.2
2026-08-13,443,38379,1.15%,7.3
2026-08-14,363,32338,1.12%,7.1
2026-08-15,295,21766,1.36%,7.7
2026-08-16,325,23936,1.36%,7.7
2026-08-17,400,28451,1.41%,7.8
2026-08-18,360,26390,1.36%,8.1
2026-08-19,344,27064,1.27%,8.2
2026-08-20,374,25796,1.45%,8.1
2026-08-21,307,22875,1.34%,8.4
2026-08-22,268,22513,1.19%,9
2026-08-23,241,18978,1.27%,8.2
2026-08-24,305,20532,1.49%,8.3
2026-08-25,294,21901,1.34%,9.2
2026-08-26,254,18741,1.36%,9.4
2026-08-27,192,14524,1.32%,9.9
2026-08-28,153,13337,1.15%,10.8
2026-08-29,243,16448,1.48%,12.6
2026-08-30,186,17424,1.07%,11.9
2026-08-31,220,17924,1.23%,9.2
2026-09-01,239,14962,1.6%,6.6
2026-09-02,190,12762,1.49%,6.7
2026-09-03,173,10761,1.61%,6.7
2026-09-04,109,8726,1.25%,6.8
2026-09-05,113,8833,1.28%,6.8
2026-09-06,102,9227,1.11%,6.3
2026-09-07,92,10454,0.88%,6.5
2026-09-08,137,10549,1.3%,6.4
2026-09-09,135,9797,1.38%,6.2
2026-09-10,109,8845,1.23%,6.2
2026-09-11,107,8955,1.19%,6.4
2026-09-12,92,8501,1.08%,6.8
2026-09-13,100,9132,1.1%,6.3
2026-09-14,121,10243,1.18%,6.4
2026-09-15,118,9221,1.28%,6.2
2026-09-16,109,9336,1.17%,6.5
2026-09-17,96,8711,1.1%,6.6
2026-09-18,95,7544,1.26%,6.4
2026-09-19,103,6813,1.51%,6.4
2026-09-20,95,7238,1.31%,6.1
2026-09-21,105,8536,1.23%,6.7
2026-09-22,135,7968,1.69%,6.6
2026-09-23,100,6886,1.45%,6.2
2026-09-24,76,6705,1.13%,6.2
2026-09-25,70,5553,1.26%,6.3
2026-09-26,67,5485,1.22%,6.5
2026-09-27,58,7201,0.81%,6.6