Country,Clicks,Impressions,CTR,Position
India,66729,5120339,1.3%,6.68
United States,89,101377,0.09%,9.34
United Arab Emirates,71,3630,1.96%,8.42
United Kingdom,39,6267,0.62%,16.01
Nepal,37,3013,1.23%,6.51
Canada,35,6479,0.54%,10.63
Australia,31,2284,1.36%,12.34
Germany,22,2851,0.77%,9.95
Singapore,22,1321,1.67%,9.62
Saudi Arabia,20,2596,0.77%,20.25
Malaysia,19,4023,0.47%,22.2
Switzerland,13,580,2.24%,7.01
Netherlands,11,2116,0.52%,7.98
Ireland,11,893,1.23%,13.13
Sweden,11,306,3.59%,9.33
Japan,10,1545,0.65%,8.83
New Zealand,9,550,1.64%,14.17
Bangladesh,8,3460,0.23%,30.9
Kuwait,8,310,2.58%,8.58
Vietnam,7,9960,0.07%,29.72
Philippines,7,6252,0.11%,35.98
France,7,2477,0.28%,17.46
Nigeria,7,495,1.41%,11.19
Indonesia,6,5056,0.12%,27.21
Poland,6,606,0.99%,10.36
Norway,6,327,1.83%,7.46
Russia,5,2742,0.18%,25.07
Colombia,5,977,0.51%,13.81
Romania,5,635,0.79%,7.45
Tanzania,4,199,2.01%,6.76
Congo - Kinshasa,4,81,4.94%,6.15
Estonia,4,76,5.26%,8.09
Pakistan,3,2180,0.14%,16.83
South Korea,3,1378,0.22%,12.24
China,3,1316,0.23%,6.8
Italy,3,1315,0.23%,12.73
Belgium,3,306,0.98%,7.38
Bahrain,3,156,1.92%,8.17
Hong Kong,2,6310,0.03%,7.52
Thailand,2,3438,0.06%,27.82
South Africa,2,663,0.3%,18.62
Uzbekistan,2,523,0.38%,13.14
Oman,2,359,0.56%,13.9
Iran,2,333,0.6%,8.33
Kenya,2,291,0.69%,15.37
Austria,2,187,1.07%,9.8
Georgia,2,171,1.17%,11.71
Ethiopia,2,136,1.47%,17.64
Zimbabwe,2,50,4%,7.56
Sierra Leone,2,33,6.06%,7.48
Brazil,1,6185,0.02%,17.62
Spain,1,2250,0.04%,21.02
Jordan,1,1100,0.09%,35.25
Iraq,1,885,0.11%,21.7
Qatar,1,302,0.33%,8.74
Hungary,1,254,0.39%,8.23
Kazakhstan,1,241,0.41%,14.03
Bulgaria,1,197,0.51%,10.07
Azerbaijan,1,140,0.71%,14.78
Ghana,1,128,0.78%,8.05
Maldives,1,50,2%,7.74
Laos,1,25,4%,8.76
Iceland,1,23,4.35%,5.3
Sudan,1,17,5.88%,5.76
Mexico,0,3337,0%,30.41
Turkey,0,2854,0%,35.4
Morocco,0,1731,0%,31
Ukraine,0,1702,0%,26.96
Algeria,0,1228,0%,35.13
Argentina,0,1159,0%,15.19
Egypt,0,615,0%,20.23
Ecuador,0,543,0%,17.62
Taiwan,0,523,0%,10.41
Venezuela,0,464,0%,18.91
Portugal,0,356,0%,11.72
Chile,0,356,0%,13.84
Peru,0,341,0%,13.75
Greece,0,335,0%,8.12
Israel,0,246,0%,13.58
Czechia,0,219,0%,10.19
Sri Lanka,0,215,0%,8.21
Dominican Republic,0,182,0%,11.36
Trinidad & Tobago,0,177,0%,20.68
Paraguay,0,169,0%,13.64
Tunisia,0,164,0%,15.12
Jamaica,0,161,0%,16.82
Belarus,0,159,0%,14.19
Syria,0,159,0%,15.49
Denmark,0,158,0%,9.31
Unknown Region,0,156,0%,13.29
Finland,0,152,0%,8.8
Bhutan,0,142,0%,6.65
Uruguay,0,142,0%,19.43
Serbia,0,138,0%,13.38
Myanmar (Burma),0,113,0%,9.46
Palestine,0,110,0%,13.54
Panama,0,108,0%,17.08
Albania,0,107,0%,13.5
Bolivia,0,105,0%,13.8
Costa Rica,0,104,0%,14.01
Cambodia,0,102,0%,8.33
Lithuania,0,102,0%,9.61
Lebanon,0,83,0%,14.13
Uganda,0,81,0%,9.9
Croatia,0,81,0%,10.31
Slovakia,0,80,0%,8.43
Honduras,0,79,0%,15.68
Latvia,0,75,0%,13.08
Moldova,0,75,0%,16.68
Barbados,0,68,0%,21.24
Mauritius,0,65,0%,7.52
Kyrgyzstan,0,65,0%,12.43
Bosnia & Herzegovina,0,63,0%,10.89
Guatemala,0,61,0%,14.52
Senegal,0,60,0%,19.37
Cameroon,0,59,0%,6.24
Mongolia,0,57,0%,9.37
Cyprus,0,56,0%,12.41
Cuba,0,50,0%,8.18
Puerto Rico,0,48,0%,12.96
Côte d’Ivoire,0,47,0%,19.72
Togo,0,46,0%,7.54
Slovenia,0,46,0%,7.8
Kosovo,0,46,0%,10.78
El Salvador,0,46,0%,16.26
Nicaragua,0,45,0%,17
Armenia,0,44,0%,11.82
Bahamas,0,44,0%,14.68
Zambia,0,41,0%,6.93
Malta,0,41,0%,6.98
Angola,0,40,0%,15.32
Guyana,0,39,0%,13.9
Papua New Guinea,0,36,0%,7.06
Libya,0,36,0%,12.83
Macedonia,0,34,0%,11.94
Brunei,0,32,0%,8.62
South Sudan,0,30,0%,5.83
Luxembourg,0,30,0%,7.8
Congo - Brazzaville,0,29,0%,19.79
Afghanistan,0,28,0%,8.46
Belize,0,24,0%,8.96
Botswana,0,23,0%,7.7
Macau,0,22,0%,7.59
Malawi,0,22,0%,12.23
Mozambique,0,21,0%,8.05
Tajikistan,0,20,0%,6.2
Haiti,0,18,0%,9.5
Seychelles,0,18,0%,21.06
Fiji,0,17,0%,8.18
Somalia,0,17,0%,9.65
Rwanda,0,16,0%,10.62
Lesotho,0,15,0%,6.93
Burkina Faso,0,15,0%,10.2
Mali,0,15,0%,11.13
Namibia,0,14,0%,8.93
Gabon,0,14,0%,18.36
Jersey,0,13,0%,3.15
Madagascar,0,13,0%,8.31
Montenegro,0,12,0%,6.67
Suriname,0,10,0%,18.3
Guinea-Bissau,0,9,0%,7.44
Antigua & Barbuda,0,9,0%,14.33
Curaçao,0,9,0%,16.33
Cape Verde,0,9,0%,17.78
Turkmenistan,0,8,0%,4.88
Benin,0,8,0%,15.75
Martinique,0,7,0%,17.43
St. Lucia,0,7,0%,25.14
US Virgin Islands,0,6,0%,8
Gambia,0,6,0%,9.5
Cayman Islands,0,6,0%,9.67
Turks & Caicos Islands,0,6,0%,15.5
Liberia,0,5,0%,4.8
French Polynesia,0,5,0%,5.6
Guinea,0,5,0%,5.8
Guernsey,0,5,0%,7.2
Yemen,0,5,0%,8
Vanuatu,0,5,0%,10
St. Vincent & Grenadines,0,5,0%,12.2
Niger,0,5,0%,12.4
Bermuda,0,5,0%,16.8
Andorra,0,5,0%,20.4
Isle of Man,0,5,0%,23.6
Swaziland,0,4,0%,8.5
British Virgin Islands,0,4,0%,13.75
Dominica,0,4,0%,14.25
Grenada,0,4,0%,15.75
Aruba,0,4,0%,21.25
Réunion,0,3,0%,3
Solomon Islands,0,3,0%,4.33
Timor-Leste,0,3,0%,4.67
Burundi,0,3,0%,6.67
Sint Maarten,0,3,0%,9
St. Kitts & Nevis,0,3,0%,14
Guam,0,3,0%,14.33
Mayotte,0,3,0%,17.33
Guadeloupe,0,3,0%,18.33
Åland Islands,0,2,0%,2.5
Tonga,0,2,0%,5.5
Micronesia,0,2,0%,9
Djibouti,0,2,0%,9.5
Chad,0,2,0%,10
American Samoa,0,1,0%,2
Cook Islands,0,1,0%,4
French Guiana,0,1,0%,5
Equatorial Guinea,0,1,0%,7
Mauritania,0,1,0%,7
St. Helena,0,1,0%,7
Svalbard & Jan Mayen,0,1,0%,7
Eritrea,0,1,0%,9
Antarctica,0,1,0%,11
Nauru,0,1,0%,11
Gibraltar,0,1,0%,13
Anguilla,0,1,0%,21
Western Sahara,0,1,0%,29